﻿<parameters>
  <parameter name="IIS Web Application Name" defaultValue="Malhotra.com" tags="IisApp">
    <parameterEntry kind="ProviderPath" scope="IisApp" match="^C:\\Users\\Gurvinder\\Documents\\Visual\ Studio\ 2013\\Projects\\Phoenix_Project\\Phoenix_Project\\obj\\Release\\Package\\PackageTmp$" />
    <parameterEntry kind="ProviderPath" scope="setAcl" match="^C:\\Users\\Gurvinder\\Documents\\Visual\ Studio\ 2013\\Projects\\Phoenix_Project\\Phoenix_Project\\obj\\Release\\Package\\PackageTmp$" />
  </parameter>
  <parameter name="Add write permission to App_Data Folder" description="Add write permission to App_Data folder" defaultValue="{IIS Web Application Name}/App_Data" tags="Hidden">
    <parameterEntry kind="ProviderPath" scope="setAcl" match="^C:\\Users\\Gurvinder\\Documents\\Visual\ Studio\ 2013\\Projects\\Phoenix_Project\\Phoenix_Project\\obj\\Release\\Package\\PackageTmp\\App_Data$" />
  </parameter>
  <parameter name="Phoenix_DatabaseConnectionString-Web.config Connection String" defaultValue="data source=CS35;initial catalog=Phoenix_Database;integrated security=True;MultipleActiveResultSets=True">
    <parameterEntry kind="XmlFile" scope="C:\\Users\\Gurvinder\\Documents\\Visual\ Studio\ 2013\\Projects\\Phoenix_Project\\Phoenix_Project\\obj\\Release\\Package\\PackageTmp\\Web\.config$" match="/configuration/connectionStrings/add[@name='Phoenix_DatabaseConnectionString']/@connectionString" />
  </parameter>
  <parameter name="Phoenix_DatabaseEntities-Web.config Connection String" defaultValue="metadata=res://*/Database.csdl|res://*/Database.ssdl|res://*/Database.msl;provider=System.Data.SqlClient;provider connection string=&quot;data source=GURVINDER-PC\SQLEXPRESS;initial catalog=Phoenix_Database;integrated security=True;MultipleActiveResultSets=True;App=EntityFramework&quot;">
    <parameterEntry kind="XmlFile" scope="C:\\Users\\Gurvinder\\Documents\\Visual\ Studio\ 2013\\Projects\\Phoenix_Project\\Phoenix_Project\\obj\\Release\\Package\\PackageTmp\\Web\.config$" match="/configuration/connectionStrings/add[@name='Phoenix_DatabaseEntities']/@connectionString" />
  </parameter>
  <parameter name="Phoenix_DatabaseEntities1-Web.config Connection String" defaultValue="metadata=res://*/Database.csdl|res://*/Database.ssdl|res://*/Database.msl;provider=System.Data.SqlClient;provider connection string=&quot;data source=GURVINDER-PC\SQLEXPRESS;initial catalog=Phoenix_Database;integrated security=True;MultipleActiveResultSets=True;App=EntityFramework&quot;">
    <parameterEntry kind="XmlFile" scope="C:\\Users\\Gurvinder\\Documents\\Visual\ Studio\ 2013\\Projects\\Phoenix_Project\\Phoenix_Project\\obj\\Release\\Package\\PackageTmp\\Web\.config$" match="/configuration/connectionStrings/add[@name='Phoenix_DatabaseEntities1']/@connectionString" />
  </parameter>
</parameters>